"File","Line","Kind","Detail"
"above-and-below-issue-2.html","32","BadChar:UTF8-as-Latin1","/* Ã¢â€â‚¬Ã¢â€â‚¬ MASTHEAD Ã¢â€â‚¬Ã¢â€â‚¬ */"
"above-and-below-issue-2.html","145","BadChar:UTF8-as-Latin1","/* Ã¢â€â‚¬Ã¢â€â‚¬ CONTENTS NAV Ã¢â€â‚¬Ã¢â€â‚¬ */"
"above-and-below-issue-2.html","169","BadChar:UTF8-as-Latin1","/* Ã¢â€â‚¬Ã¢â€â‚¬ LAYOUT Ã¢â€â‚¬Ã¢â€â‚¬ */"
"above-and-below-issue-2.html","176","BadChar:UTF8-as-Latin1","/* Ã¢â€â‚¬Ã¢â€â‚¬ SECTIONS Ã¢â€â‚¬Ã¢â€â‚¬ */"
"above-and-below-issue-2.html","233","BadChar:UTF8-as-Latin1","/* Ã¢â€â‚¬Ã¢â€â‚¬ PULL QUOTE Ã¢â€â‚¬Ã¢â€â‚¬ */"
"above-and-below-issue-2.html","259","BadChar:UTF8-as-Latin1","/* Ã¢â€â‚¬Ã¢â€â‚¬ STAT BOX Ã¢â€â‚¬Ã¢â€â‚¬ */"
"above-and-below-issue-2.html","296","BadChar:UTF8-as-Latin1","/* Ã¢â€â‚¬Ã¢â€â‚¬ SIDEBAR / CALLOUT Ã¢â€â‚¬Ã¢â€â‚¬ */"
"above-and-below-issue-2.html","343","BadChar:UTF8-as-Latin1","/* Ã¢â€â‚¬Ã¢â€â‚¬ SECTION DIVIDER Ã¢â€â‚¬Ã¢â€â‚¬ */"
"above-and-below-issue-2.html","353","BadChar:UTF8-as-Latin1","/* Ã¢â€â‚¬Ã¢â€â‚¬ PHOTO PLACEHOLDER Ã¢â€â‚¬Ã¢â€â‚¬ */"
"above-and-below-issue-2.html","376","BadChar:UTF8-as-Latin1","/* Ã¢â€â‚¬Ã¢â€â‚¬ EDITOR'S LETTER Ã¢â€â‚¬Ã¢â€â‚¬ */"
"above-and-below-issue-2.html","394","BadChar:UTF8-as-Latin1","/* Ã¢â€â‚¬Ã¢â€â‚¬ SIGNATURE Ã¢â€â‚¬Ã¢â€â‚¬ */"
"above-and-below-issue-2.html","420","BadChar:UTF8-as-Latin1","/* Ã¢â€â‚¬Ã¢â€â‚¬ FOOTER Ã¢â€â‚¬Ã¢â€â‚¬ */"
"above-and-below-issue-2.html","459","BadChar:UTF8-as-Latin1","/* Ã¢â€â‚¬Ã¢â€â‚¬ ORNAMENT Ã¢â€â‚¬Ã¢â€â‚¬ */"
"above-and-below-issue-2.html","469","BadChar:UTF8-as-Latin1","/* Ã¢â€â‚¬Ã¢â€â‚¬ RESPONSIVE Ã¢â€â‚¬Ã¢â€â‚¬ */"
"above-and-below-issue-2.html","551","BadChar:UTF8-as-Latin1","<!-- Ã¢â€¢ÂÃ¢â€¢ÂÃ¢â€¢ÂÃ¢â€¢ÂÃ¢â€¢ÂÃ¢â€¢ÂÃ¢â€¢ÂÃ¢â€¢ÂÃ¢â€¢ÂÃ¢â€¢ÂÃ¢â€¢ÂÃ¢â€¢ÂÃ¢â€¢ÂÃ¢â€¢ÂÃ¢â€¢ÂÃ¢â€¢ÂÃ¢â…"
"above-and-below-issue-2.html","553","BadChar:UTF8-as-Latin1","<!-- Ã¢â€¢ÂÃ¢â€¢ÂÃ¢â€¢ÂÃ¢â€¢ÂÃ¢â€¢ÂÃ¢â€¢ÂÃ¢â€¢ÂÃ¢â€¢ÂÃ¢â€¢ÂÃ¢â€¢ÂÃ¢â€¢ÂÃ¢â€¢ÂÃ¢â€¢ÂÃ¢â€¢ÂÃ¢â€¢ÂÃ¢â€¢ÂÃ¢â…"
"above-and-below-issue-2.html","586","BadChar:UTF8-as-Latin1","<!-- Ã¢â€¢ÂÃ¢â€¢ÂÃ¢â€¢ÂÃ¢â€¢ÂÃ¢â€¢ÂÃ¢â€¢ÂÃ¢â€¢ÂÃ¢â€¢ÂÃ¢â€¢ÂÃ¢â€¢ÂÃ¢â€¢ÂÃ¢â€¢ÂÃ¢â€¢ÂÃ¢â€¢ÂÃ¢â€¢ÂÃ¢â€¢ÂÃ¢â…"
"above-and-below-issue-2.html","588","BadChar:UTF8-as-Latin1","<!-- Ã¢â€¢ÂÃ¢â€¢ÂÃ¢â€¢ÂÃ¢â€¢ÂÃ¢â€¢ÂÃ¢â€¢ÂÃ¢â€¢ÂÃ¢â€¢ÂÃ¢â€¢ÂÃ¢â€¢ÂÃ¢â€¢ÂÃ¢â€¢ÂÃ¢â€¢ÂÃ¢â€¢ÂÃ¢â€¢ÂÃ¢â€¢ÂÃ¢â…"
"above-and-below-issue-2.html","618","BadChar:UTF8-as-Latin1","<!-- Ã¢â€¢ÂÃ¢â€¢ÂÃ¢â€¢ÂÃ¢â€¢ÂÃ¢â€¢ÂÃ¢â€¢ÂÃ¢â€¢ÂÃ¢â€¢ÂÃ¢â€¢ÂÃ¢â€¢ÂÃ¢â€¢ÂÃ¢â€¢ÂÃ¢â€¢ÂÃ¢â€¢ÂÃ¢â€¢ÂÃ¢â€¢ÂÃ¢â…"
"above-and-below-issue-2.html","620","BadChar:UTF8-as-Latin1","<!-- Ã¢â€¢ÂÃ¢â€¢ÂÃ¢â€¢ÂÃ¢â€¢ÂÃ¢â€¢ÂÃ¢â€¢ÂÃ¢â€¢ÂÃ¢â€¢ÂÃ¢â€¢ÂÃ¢â€¢ÂÃ¢â€¢ÂÃ¢â€¢ÂÃ¢â€¢ÂÃ¢â€¢ÂÃ¢â€¢ÂÃ¢â€¢ÂÃ¢â…"
"above-and-below-issue-2.html","635","BadChar:UTF8-as-Latin1","<span class=""stat-number"">~Ã¢â€¦â€œ</span>"
"above-and-below-issue-2.html","635","BadChar:Smart-quote mojibake","<span class=""stat-number"">~Ã¢â€¦â€œ</span>"
"above-and-below-issue-2.html","682","BadChar:UTF8-as-Latin1","<!-- Ã¢â€¢ÂÃ¢â€¢ÂÃ¢â€¢ÂÃ¢â€¢ÂÃ¢â€¢ÂÃ¢â€¢ÂÃ¢â€¢ÂÃ¢â€¢ÂÃ¢â€¢ÂÃ¢â€¢ÂÃ¢â€¢ÂÃ¢â€¢ÂÃ¢â€¢ÂÃ¢â€¢ÂÃ¢â€¢ÂÃ¢â€¢ÂÃ¢â…"
"above-and-below-issue-2.html","684","BadChar:UTF8-as-Latin1","<!-- Ã¢â€¢ÂÃ¢â€¢ÂÃ¢â€¢ÂÃ¢â€¢ÂÃ¢â€¢ÂÃ¢â€¢ÂÃ¢â€¢ÂÃ¢â€¢ÂÃ¢â€¢ÂÃ¢â€¢ÂÃ¢â€¢ÂÃ¢â€¢ÂÃ¢â€¢ÂÃ¢â€¢ÂÃ¢â€¢ÂÃ¢â€¢ÂÃ¢â…"
"above-and-below-issue-2.html","748","BadChar:UTF8-as-Latin1","<!-- Ã¢â€¢ÂÃ¢â€¢ÂÃ¢â€¢ÂÃ¢â€¢ÂÃ¢â€¢ÂÃ¢â€¢ÂÃ¢â€¢ÂÃ¢â€¢ÂÃ¢â€¢ÂÃ¢â€¢ÂÃ¢â€¢ÂÃ¢â€¢ÂÃ¢â€¢ÂÃ¢â€¢ÂÃ¢â€¢ÂÃ¢â€¢ÂÃ¢â…"
"above-and-below-issue-2.html","750","BadChar:UTF8-as-Latin1","<!-- Ã¢â€¢ÂÃ¢â€¢ÂÃ¢â€¢ÂÃ¢â€¢ÂÃ¢â€¢ÂÃ¢â€¢ÂÃ¢â€¢ÂÃ¢â€¢ÂÃ¢â€¢ÂÃ¢â€¢ÂÃ¢â€¢ÂÃ¢â€¢ÂÃ¢â€¢ÂÃ¢â€¢ÂÃ¢â€¢ÂÃ¢â€¢ÂÃ¢â…"
"above-and-below-issue-2.html","781","BadChar:UTF8-as-Latin1","<!-- Ã¢â€¢ÂÃ¢â€¢ÂÃ¢â€¢ÂÃ¢â€¢ÂÃ¢â€¢ÂÃ¢â€¢ÂÃ¢â€¢ÂÃ¢â€¢ÂÃ¢â€¢ÂÃ¢â€¢ÂÃ¢â€¢ÂÃ¢â€¢ÂÃ¢â€¢ÂÃ¢â€¢ÂÃ¢â€¢ÂÃ¢â€¢ÂÃ¢â…"
"above-and-below-issue-2.html","783","BadChar:UTF8-as-Latin1","<!-- Ã¢â€¢ÂÃ¢â€¢ÂÃ¢â€¢ÂÃ¢â€¢ÂÃ¢â€¢ÂÃ¢â€¢ÂÃ¢â€¢ÂÃ¢â€¢ÂÃ¢â€¢ÂÃ¢â€¢ÂÃ¢â€¢ÂÃ¢â€¢ÂÃ¢â€¢ÂÃ¢â€¢ÂÃ¢â€¢ÂÃ¢â€¢ÂÃ¢â…"
"above-and-below-issue-2.html","838","BadChar:UTF8-as-Latin1","<!-- Ã¢â€¢ÂÃ¢â€¢ÂÃ¢â€¢ÂÃ¢â€¢ÂÃ¢â€¢ÂÃ¢â€¢ÂÃ¢â€¢ÂÃ¢â€¢ÂÃ¢â€¢ÂÃ¢â€¢ÂÃ¢â€¢ÂÃ¢â€¢ÂÃ¢â€¢ÂÃ¢â€¢ÂÃ¢â€¢ÂÃ¢â€¢ÂÃ¢â…"
"above-and-below-issue-2.html","840","BadChar:UTF8-as-Latin1","<!-- Ã¢â€¢ÂÃ¢â€¢ÂÃ¢â€¢ÂÃ¢â€¢ÂÃ¢â€¢ÂÃ¢â€¢ÂÃ¢â€¢ÂÃ¢â€¢ÂÃ¢â€¢ÂÃ¢â€¢ÂÃ¢â€¢ÂÃ¢â€¢ÂÃ¢â€¢ÂÃ¢â€¢ÂÃ¢â€¢ÂÃ¢â€¢ÂÃ¢â…"
"above-and-below-issue-2.html","871","BadChar:UTF8-as-Latin1","<!-- Ã¢â€¢ÂÃ¢â€¢ÂÃ¢â€¢ÂÃ¢â€¢ÂÃ¢â€¢ÂÃ¢â€¢ÂÃ¢â€¢ÂÃ¢â€¢ÂÃ¢â€¢ÂÃ¢â€¢ÂÃ¢â€¢ÂÃ¢â€¢ÂÃ¢â€¢ÂÃ¢â€¢ÂÃ¢â€¢ÂÃ¢â€¢ÂÃ¢â…"
"above-and-below-issue-2.html","873","BadChar:UTF8-as-Latin1","<!-- Ã¢â€¢ÂÃ¢â€¢ÂÃ¢â€¢ÂÃ¢â€¢ÂÃ¢â€¢ÂÃ¢â€¢ÂÃ¢â€¢ÂÃ¢â€¢ÂÃ¢â€¢ÂÃ¢â€¢ÂÃ¢â€¢ÂÃ¢â€¢ÂÃ¢â€¢ÂÃ¢â€¢ÂÃ¢â€¢ÂÃ¢â€¢ÂÃ¢â…"
"above-and-below-issue-2.html","908","BadChar:UTF8-as-Latin1","<!-- Ã¢â€¢ÂÃ¢â€¢ÂÃ¢â€¢ÂÃ¢â€¢ÂÃ¢â€¢ÂÃ¢â€¢ÂÃ¢â€¢ÂÃ¢â€¢ÂÃ¢â€¢ÂÃ¢â€¢ÂÃ¢â€¢ÂÃ¢â€¢ÂÃ¢â€¢ÂÃ¢â€¢ÂÃ¢â€¢ÂÃ¢â€¢ÂÃ¢â…"
"above-and-below-issue-2.html","910","BadChar:UTF8-as-Latin1","<!-- Ã¢â€¢ÂÃ¢â€¢ÂÃ¢â€¢ÂÃ¢â€¢ÂÃ¢â€¢ÂÃ¢â€¢ÂÃ¢â€¢ÂÃ¢â€¢ÂÃ¢â€¢ÂÃ¢â€¢ÂÃ¢â€¢ÂÃ¢â€¢ÂÃ¢â€¢ÂÃ¢â€¢ÂÃ¢â€¢ÂÃ¢â€¢ÂÃ¢â…"
"above-below-replaced2.html","169","BadChar:UTF8-as-Latin1","/* Ã¢â€â‚¬Ã¢â€â‚¬ HAMBURGER Ã¢â€â‚¬Ã¢â€â‚¬ */"
"above-below-replaced2.html","292","BadChar:UTF8-as-Latin1","<!-- Ã¢â€¢ÂÃ¢â€¢ÂÃ¢â€¢Â HERO Ã¢â€¢ÂÃ¢â€¢ÂÃ¢â€¢Â -->"
"above-below-replaced2.html","302","BadChar:Smart-quote mojibake","<div><strong>Lunch</strong>Wed BYO Ã‚Â· 12â€â€œ2 pm</div>"
"above-below-replaced2.html","309","BadChar:UTF8-as-Latin1","<!-- Ã¢â€¢ÂÃ¢â€¢ÂÃ¢â€¢Â ABOVE & BELOW Ã¢â€¢ÂÃ¢â€¢ÂÃ¢â€¢Â -->"
"above-below-replaced2.html","341","BadChar:UTF8-as-Latin1","<!-- Ã¢â€¢ÂÃ¢â€¢ÂÃ¢â€¢Â THOSE WHO SERVE Ã¢â€¢ÂÃ¢â€¢ÂÃ¢â€¢Â -->"
"above-below-replaced2.html","378","BadChar:UTF8-as-Latin1","<!-- Ã¢â€¢ÂÃ¢â€¢ÂÃ¢â€¢Â THE ROOM Ã¢â€¢ÂÃ¢â€¢ÂÃ¢â€¢Â -->"
"above-below-replaced2.html","382","BadChar:UTF8-as-Latin1","<!-- Ã¢â€¢ÂÃ¢â€¢ÂÃ¢â€¢Â HISTORY Ã¢â€¢ÂÃ¢â€¢ÂÃ¢â€¢Â -->"
"above-below-replaced2.html","384","BadChar:UTF8-as-Latin1","<!-- Ã¢â€¢ÂÃ¢â€¢ÂÃ¢â€¢Â EVENTS Ã¢â€¢ÂÃ¢â€¢ÂÃ¢â€¢Â -->"
"above-below-replaced2.html","386","BadChar:UTF8-as-Latin1","<!-- Ã¢â€¢ÂÃ¢â€¢ÂÃ¢â€¢Â THE CLUB ALIVE Ã¢â€¢ÂÃ¢â€¢ÂÃ¢â€¢Â -->"
"above-below-replaced2.html","388","BadChar:UTF8-as-Latin1","<!-- Ã¢â€¢ÂÃ¢â€¢ÂÃ¢â€¢Â MEMBERSHIP Ã¢â€¢ÂÃ¢â€¢ÂÃ¢â€¢Â -->"
"above-below-replaced2.html","390","BadChar:UTF8-as-Latin1","<!-- Ã¢â€¢ÂÃ¢â€¢ÂÃ¢â€¢Â VISIT Ã¢â€¢ÂÃ¢â€¢ÂÃ¢â€¢Â -->"
"above-below.html","169","BadChar:UTF8-as-Latin1","/* Ã¢â€â‚¬Ã¢â€â‚¬ HAMBURGER Ã¢â€â‚¬Ã¢â€â‚¬ */"
"above-below.html","313","BadChar:UTF8-as-Latin1","<!-- Ã¢â€¢ÂÃ¢â€¢ÂÃ¢â€¢Â HERO Ã¢â€¢ÂÃ¢â€¢ÂÃ¢â€¢Â -->"
"above-below.html","323","BadChar:Smart-quote mojibake","<div><strong>Lunch</strong>Wed BYO Ã‚Â· 12â€â€œ2 pm</div>"
"above-below.html","330","BadChar:UTF8-as-Latin1","<!-- Ã¢â€¢ÂÃ¢â€¢ÂÃ¢â€¢Â ABOVE & BELOW Ã¢â€¢ÂÃ¢â€¢ÂÃ¢â€¢Â -->"
"above-below.html","362","BadChar:UTF8-as-Latin1","<!-- Ã¢â€¢ÂÃ¢â€¢ÂÃ¢â€¢Â THOSE WHO SERVE Ã¢â€¢ÂÃ¢â€¢ÂÃ¢â€¢Â -->"
"above-below.html","399","BadChar:UTF8-as-Latin1","<!-- Ã¢â€¢ÂÃ¢â€¢ÂÃ¢â€¢Â THE ROOM Ã¢â€¢ÂÃ¢â€¢ÂÃ¢â€¢Â -->"
"above-below.html","403","BadChar:UTF8-as-Latin1","<!-- Ã¢â€¢ÂÃ¢â€¢ÂÃ¢â€¢Â HISTORY Ã¢â€¢ÂÃ¢â€¢ÂÃ¢â€¢Â -->"
"above-below.html","405","BadChar:UTF8-as-Latin1","<!-- Ã¢â€¢ÂÃ¢â€¢ÂÃ¢â€¢Â EVENTS Ã¢â€¢ÂÃ¢â€¢ÂÃ¢â€¢Â -->"
"above-below.html","407","BadChar:UTF8-as-Latin1","<!-- Ã¢â€¢ÂÃ¢â€¢ÂÃ¢â€¢Â THE CLUB ALIVE Ã¢â€¢ÂÃ¢â€¢ÂÃ¢â€¢Â -->"
"above-below.html","409","BadChar:UTF8-as-Latin1","<!-- Ã¢â€¢ÂÃ¢â€¢ÂÃ¢â€¢Â MEMBERSHIP Ã¢â€¢ÂÃ¢â€¢ÂÃ¢â€¢Â -->"
"above-below.html","411","BadChar:UTF8-as-Latin1","<!-- Ã¢â€¢ÂÃ¢â€¢ÂÃ¢â€¢Â VISIT Ã¢â€¢ÂÃ¢â€¢ÂÃ¢â€¢Â -->"
"bowling.html","169","BadChar:UTF8-as-Latin1","/* Ã¢â€â‚¬Ã¢â€â‚¬ HAMBURGER Ã¢â€â‚¬Ã¢â€â‚¬ */"
"bowling.html","234","BadChar:UTF8-as-Latin1","/* Ã¢â€â‚¬Ã¢â€â‚¬ UNIFIED NAV v2 Ã¢â€â‚¬Ã¢â€â‚¬ */"
"bowling.html","387","BadChar:UTF8-as-Latin1","<a href=""visit.html"">Plan a visit Ã¢â€ â€™</a>"
"bowling.html","387","BadChar:Smart-quote mojibake","<a href=""visit.html"">Plan a visit Ã¢â€ â€™</a>"
"community.html","29","BadChar:UTF8-as-Latin1","/* Ã¢â€â‚¬Ã¢â€â‚¬ NAV Ã¢â€â‚¬Ã¢â€â‚¬ */"
"community.html","64","BadChar:UTF8-as-Latin1","/* Ã¢â€â‚¬Ã¢â€â‚¬ PAGE HEADER Ã¢â€â‚¬Ã¢â€â‚¬ */"
"community.html","102","BadChar:UTF8-as-Latin1","/* Ã¢â€â‚¬Ã¢â€â‚¬ TWO-COLUMN LAYOUT Ã¢â€â‚¬Ã¢â€â‚¬ */"
"community.html","119","BadChar:UTF8-as-Latin1","/* Ã¢â€â‚¬Ã¢â€â‚¬ COLUMN HEADERS Ã¢â€â‚¬Ã¢â€â‚¬ */"
"community.html","150","BadChar:UTF8-as-Latin1","/* Ã¢â€â‚¬Ã¢â€â‚¬ BODY COPY Ã¢â€â‚¬Ã¢â€â‚¬ */"
"community.html","171","BadChar:UTF8-as-Latin1","/* Ã¢â€â‚¬Ã¢â€â‚¬ PULL QUOTE / CALLOUT Ã¢â€â‚¬Ã¢â€â‚¬ */"
"community.html","187","BadChar:UTF8-as-Latin1","/* Ã¢â€â‚¬Ã¢â€â‚¬ CLOSING STATEMENT Ã¢â€â‚¬Ã¢â€â‚¬ */"
"community.html","211","BadChar:UTF8-as-Latin1","/* Ã¢â€â‚¬Ã¢â€â‚¬ DECORATIVE CERTIFICATE (right column) Ã¢â€â‚¬Ã¢â€â‚¬ */"
"community.html","263","BadChar:UTF8-as-Latin1","/* Ã¢â€â‚¬Ã¢â€â‚¬ FOOTER Ã¢â€â‚¬Ã¢â€â‚¬ */"
"community.html","277","BadChar:UTF8-as-Latin1","/* Ã¢â€â‚¬Ã¢â€â‚¬ RESPONSIVE Ã¢â€â‚¬Ã¢â€â‚¬ */"
"event-planners.html","169","BadChar:UTF8-as-Latin1","/* Ã¢â€â‚¬Ã¢â€â‚¬ HAMBURGER Ã¢â€â‚¬Ã¢â€â‚¬ */"
"event-planners.html","471","BadChar:UTF8-as-Latin1","<p><a href=""event-rooms.html"" style=""color:var(--gold-b)"">View all rooms Ã¢â€ â€™</a></p>"
"event-planners.html","471","BadChar:Smart-quote mojibake","<p><a href=""event-rooms.html"" style=""color:var(--gold-b)"">View all rooms Ã¢â€ â€™</a></p>"
"event-rooms.html","169","BadChar:UTF8-as-Latin1","/* Ã¢â€â‚¬Ã¢â€â‚¬ HAMBURGER Ã¢â€â‚¬Ã¢â€â‚¬ */"
"events.html","174","BadChar:Smart-quote mojibake","<div><strong>Lunch</strong>Wednesday BYO<br>12â€â€œ2 PM</div>"
"gallery.html","268","BadChar:UTF8-as-Latin1","<a href=""visit.html"">Plan a visit Ã¢â€ â€™</a>"
"gallery.html","268","BadChar:Smart-quote mojibake","<a href=""visit.html"">Plan a visit Ã¢â€ â€™</a>"
"gallery.html","504","BadChar:Smart-quote mojibake","<small>Bowling Ã‚Â· Tuesdayâ€â€œThursday</small>"
"gallery.html","551","BadChar:UTF8-as-Latin1","<a href=""restoration.html"" class=""cta-btn-dk"">Restoration Progress Ã¢â€ â€™</a>"
"gallery.html","551","BadChar:Smart-quote mojibake","<a href=""restoration.html"" class=""cta-btn-dk"">Restoration Progress Ã¢â€ â€™</a>"
"gallery.html","573","BadChar:UTF8-as-Latin1","<button class=""lb-close"" onclick=""closeLightbox()"">Close Ã¢Å“â€¢</button>"
"history.html","9","BadChar:Smart-quote mojibake","<title>History â€” The Thames Club</title>"
"history.html","32","BadChar:Smart-quote mojibake","/* NAV â€” now with logo */"
"history.html","160","BadChar:Smart-quote mojibake","/* FOOTER â€” with logo */"
"history.html","269","BadChar:Smart-quote mojibake","<p class=""hey"">Founded February 8, 1869 â€” New London, Connecticut</p>"
"history.html","299","BadChar:Smart-quote mojibake","<p>The Thames Club was founded on February 8, 1869 â€” before the submarine force, before Electric Boat, before the Gold…"
"history.html","301","BadChar:Smart-quote mojibake","and moved it to Ledge Light. The Club moved and continued â€” as it has through every turn since 1869.</p>"
"history.html","337","BadChar:Smart-quote mojibake","<img alt=""Thames Club â€” early photograph"" src=""images/history_05_restored.jpg""/>"
"history.html","339","BadChar:Smart-quote mojibake","<p class=""cap dk"">The original building â€” State Street, New London</p>"
"history.html","342","BadChar:Smart-quote mojibake","<img alt=""Vintage postcard â€” State Street"" src=""images/history_06.jpg""/>"
"history.html","345","BadChar:Smart-quote mojibake","<img alt=""TO DAY â€” Thames Club historical newspaper"" src=""images/history_07_today.jpg""/>"
"history.html","349","BadChar:Smart-quote mojibake","<p class=""cap dk"">State Street postcard â€” early 1900s</p>"
"history.html","350","BadChar:Smart-quote mojibake","<p class=""cap dk"">April Fools newspaper â€” â€œTO DAYâ€</p>"
"history.html","354","BadChar:Smart-quote mojibake","<!-- Historic dinner photo â€” full width -->"
"history.html","357","BadChar:Smart-quote mojibake","<img alt=""Thames Club â€” historic dinner photograph, circa 1940s"" src=""images/history_08.gif"" style=""object-position:ce…"
"history.html","359","BadChar:Smart-quote mojibake","<p class=""cap dk"">A Club dinner â€” circa 1940s. The silhouette tiles already on the wall. The same room.</p>"
"history.html","365","BadChar:Smart-quote mojibake","<p class=""cap dk"">The billiard room â€” pool table, silhouette wall, red leather chairs</p>"
"history.html","369","BadChar:Smart-quote mojibake","<p class=""cap dk"">The main staircase from above â€” the arrival view</p>"
"history.html","372","BadChar:Smart-quote mojibake","<div class=""ph"" style=""height:280px""><img alt=""James O'Neill â€” Thames Club member"" src=""images/history_11.jpg"" style=""…"
"history.html","373","BadChar:Smart-quote mojibake","<p class=""cap dk"">James O'Neill â€” the actor whose silhouette tile hangs in the basement pub</p>"
"history.html","382","BadChar:Smart-quote mojibake","<p class=""cap dk"">The pin-setting machine â€” maintained for decades by one mechanic</p>"
"history.html","388","BadChar:Smart-quote mojibake","<p>The duckpin lanes in the basement were built by Electric Boat craftsmen in the 1950s â€” a gift from the yard to the …"
"history.html","389","BadChar:Smart-quote mojibake","<p>Duckpin uses a smaller ball â€” no finger holes â€” and lighter pins. Three balls per frame. No one has ever bowled a…"
"index.html","169","BadChar:UTF8-as-Latin1","/* Ã¢â€â‚¬Ã¢â€â‚¬ HAMBURGER Ã¢â€â‚¬Ã¢â€â‚¬ */"
"index.html","313","BadChar:UTF8-as-Latin1","<!-- Ã¢â€¢ÂÃ¢â€¢ÂÃ¢â€¢Â HERO Ã¢â€¢ÂÃ¢â€¢ÂÃ¢â€¢Â -->"
"index.html","323","BadChar:Smart-quote mojibake","<div><strong>Lunch</strong>Wed BYO Ã‚Â· 12â€â€œ2 pm</div>"
"membership.html","169","BadChar:UTF8-as-Latin1","/* Ã¢â€â‚¬Ã¢â€â‚¬ HAMBURGER Ã¢â€â‚¬Ã¢â€â‚¬ */"
"membership.html","313","BadChar:UTF8-as-Latin1","<!-- Ã¢â€¢ÂÃ¢â€¢ÂÃ¢â€¢Â HERO Ã¢â€¢ÂÃ¢â€¢ÂÃ¢â€¢Â -->"
"membership.html","323","BadChar:Smart-quote mojibake","<div><strong>Lunch</strong>Wed BYO Ã‚Â· 12â€â€œ2 pm</div>"
"membership.html","330","BadChar:UTF8-as-Latin1","<!-- Ã¢â€¢ÂÃ¢â€¢ÂÃ¢â€¢Â ABOVE & BELOW Ã¢â€¢ÂÃ¢â€¢ÂÃ¢â€¢Â -->"
"membership.html","332","BadChar:UTF8-as-Latin1","<!-- Ã¢â€¢ÂÃ¢â€¢ÂÃ¢â€¢Â THOSE WHO SERVE Ã¢â€¢ÂÃ¢â€¢ÂÃ¢â€¢Â -->"
"membership.html","335","BadChar:UTF8-as-Latin1","<!-- Ã¢â€¢ÂÃ¢â€¢ÂÃ¢â€¢Â THE ROOM Ã¢â€¢ÂÃ¢â€¢ÂÃ¢â€¢Â -->"
"membership.html","339","BadChar:UTF8-as-Latin1","<!-- Ã¢â€¢ÂÃ¢â€¢ÂÃ¢â€¢Â HISTORY Ã¢â€¢ÂÃ¢â€¢ÂÃ¢â€¢Â -->"
"membership.html","341","BadChar:UTF8-as-Latin1","<!-- Ã¢â€¢ÂÃ¢â€¢ÂÃ¢â€¢Â EVENTS Ã¢â€¢ÂÃ¢â€¢ÂÃ¢â€¢Â -->"
"membership.html","343","BadChar:UTF8-as-Latin1","<!-- Ã¢â€¢ÂÃ¢â€¢ÂÃ¢â€¢Â THE CLUB ALIVE Ã¢â€¢ÂÃ¢â€¢ÂÃ¢â€¢Â -->"
"membership.html","345","BadChar:UTF8-as-Latin1","<!-- Ã¢â€¢ÂÃ¢â€¢ÂÃ¢â€¢Â MEMBERSHIP Ã¢â€¢ÂÃ¢â€¢ÂÃ¢â€¢Â -->"
"membership.html","397","BadChar:UTF8-as-Latin1","<!-- Ã¢â€¢ÂÃ¢â€¢ÂÃ¢â€¢Â VISIT Ã¢â€¢ÂÃ¢â€¢ÂÃ¢â€¢Â -->"
"pierson-gallery.html","103","BadChar:UTF8-as-Latin1","<a href=""index.html"">Ã¢â€ Â Return to Home</a>"
"publications.html","154","BadChar:Smart-quote mojibake","<p class=""deck"">Editorial work distributed by clicking from the Thames Club website. These are full-color publication pa…"
"reciprocal-clubs.html","292","BadChar:UTF8-as-Latin1","<a class=""club-row"" href=""https://www.theclubinc.org/"" target=""_blank"" rel=""noopener""><span class=""club-name"">The Club <…"
"reciprocal-clubs.html","292","BadChar:Smart-quote mojibake","<a class=""club-row"" href=""https://www.theclubinc.org/"" target=""_blank"" rel=""noopener""><span class=""club-name"">The Club <…"
"reciprocal-clubs.html","297","BadChar:UTF8-as-Latin1","<a class=""club-row"" href=""https://marinesmemorial.org/"" target=""_blank"" rel=""noopener""><span class=""club-name"">Marines' …"
"reciprocal-clubs.html","297","BadChar:Smart-quote mojibake","<a class=""club-row"" href=""https://marinesmemorial.org/"" target=""_blank"" rel=""noopener""><span class=""club-name"">Marines' …"
"reciprocal-clubs.html","298","BadChar:UTF8-as-Latin1","<a class=""club-row"" href=""https://balboabayclub.com/"" target=""_blank"" rel=""noopener""><span class=""club-name"">The Balboa …"
"reciprocal-clubs.html","298","BadChar:Smart-quote mojibake","<a class=""club-row"" href=""https://balboabayclub.com/"" target=""_blank"" rel=""noopener""><span class=""club-name"">The Balboa …"
"reciprocal-clubs.html","299","BadChar:UTF8-as-Latin1","<a class=""club-row"" href=""https://www.uclubsf.org/"" target=""_blank"" rel=""noopener""><span class=""club-name"">University Cl…"
"reciprocal-clubs.html","299","BadChar:Smart-quote mojibake","<a class=""club-row"" href=""https://www.uclubsf.org/"" target=""_blank"" rel=""noopener""><span class=""club-name"">University Cl…"
"reciprocal-clubs.html","300","BadChar:UTF8-as-Latin1","<a class=""club-row"" href=""https://www.towercluboxnard.com/"" target=""_blank"" rel=""noopener""><span class=""club-name"">The T…"
"reciprocal-clubs.html","300","BadChar:Smart-quote mojibake","<a class=""club-row"" href=""https://www.towercluboxnard.com/"" target=""_blank"" rel=""noopener""><span class=""club-name"">The T…"
"reciprocal-clubs.html","301","BadChar:UTF8-as-Latin1","<a class=""club-row"" href=""https://www.santabarbaraclub.org/"" target=""_blank"" rel=""noopener""><span class=""club-name"">Sant…"
"reciprocal-clubs.html","301","BadChar:Smart-quote mojibake","<a class=""club-row"" href=""https://www.santabarbaraclub.org/"" target=""_blank"" rel=""noopener""><span class=""club-name"">Sant…"
"reciprocal-clubs.html","306","BadChar:UTF8-as-Latin1","<a class=""club-row"" href=""https://www.essexyc.org/"" target=""_blank"" rel=""noopener""><span class=""club-name"">Essex Yacht C…"
"reciprocal-clubs.html","306","BadChar:Smart-quote mojibake","<a class=""club-row"" href=""https://www.essexyc.org/"" target=""_blank"" rel=""noopener""><span class=""club-name"">Essex Yacht C…"
"reciprocal-clubs.html","307","BadChar:UTF8-as-Latin1","<a class=""club-row"" href=""https://hartfordclub.com/"" target=""_blank"" rel=""noopener""><span class=""club-name"">The Hartford…"
"reciprocal-clubs.html","307","BadChar:Smart-quote mojibake","<a class=""club-row"" href=""https://hartfordclub.com/"" target=""_blank"" rel=""noopener""><span class=""club-name"">The Hartford…"
"reciprocal-clubs.html","308","BadChar:UTF8-as-Latin1","<a class=""club-row"" href=""https://www.elmcityclub.com/"" target=""_blank"" rel=""noopener""><span class=""club-name"">The Elm C…"
"reciprocal-clubs.html","308","BadChar:Smart-quote mojibake","<a class=""club-row"" href=""https://www.elmcityclub.com/"" target=""_blank"" rel=""noopener""><span class=""club-name"">The Elm C…"
"reciprocal-clubs.html","309","BadChar:UTF8-as-Latin1","<a class=""club-row"" href=""https://shyc.us/"" target=""_blank"" rel=""noopener""><span class=""club-name"">Stonington Harbor Yac…"
"reciprocal-clubs.html","309","BadChar:Smart-quote mojibake","<a class=""club-row"" href=""https://shyc.us/"" target=""_blank"" rel=""noopener""><span class=""club-name"">Stonington Harbor Yac…"
"reciprocal-clubs.html","310","BadChar:UTF8-as-Latin1","<a class=""club-row"" href=""https://www.morys1849.org/"" target=""_blank"" rel=""noopener""><span class=""club-name"">The Mory's …"
"reciprocal-clubs.html","310","BadChar:Smart-quote mojibake","<a class=""club-row"" href=""https://www.morys1849.org/"" target=""_blank"" rel=""noopener""><span class=""club-name"">The Mory's …"
"reciprocal-clubs.html","315","BadChar:UTF8-as-Latin1","<a class=""club-row"" href=""https://www.efyc.com/"" target=""_blank"" rel=""noopener""><span class=""club-name"">Epping Forest Ya…"
"reciprocal-clubs.html","315","BadChar:Smart-quote mojibake","<a class=""club-row"" href=""https://www.efyc.com/"" target=""_blank"" rel=""noopener""><span class=""club-name"">Epping Forest Ya…"
"reciprocal-clubs.html","316","BadChar:UTF8-as-Latin1","<a class=""club-row"" href=""https://www.jaxriverclub.com/"" target=""_blank"" rel=""noopener""><span class=""club-name"">The Rive…"
"reciprocal-clubs.html","316","BadChar:Smart-quote mojibake","<a class=""club-row"" href=""https://www.jaxriverclub.com/"" target=""_blank"" rel=""noopener""><span class=""club-name"">The Rive…"
"reciprocal-clubs.html","317","BadChar:UTF8-as-Latin1","<a class=""club-row"" href=""https://www.uclubtampa.com/"" target=""_blank"" rel=""noopener""><span class=""club-name"">University…"
"reciprocal-clubs.html","317","BadChar:Smart-quote mojibake","<a class=""club-row"" href=""https://www.uclubtampa.com/"" target=""_blank"" rel=""noopener""><span class=""club-name"">University…"
"reciprocal-clubs.html","318","BadChar:UTF8-as-Latin1","<a class=""club-row"" href=""https://www.govclub.com/"" target=""_blank"" rel=""noopener""><span class=""club-name"">The Governors…"
"reciprocal-clubs.html","318","BadChar:Smart-quote mojibake","<a class=""club-row"" href=""https://www.govclub.com/"" target=""_blank"" rel=""noopener""><span class=""club-name"">The Governors…"
"reciprocal-clubs.html","323","BadChar:UTF8-as-Latin1","<a class=""club-row"" href=""https://pinnacleclubaugusta.com/"" target=""_blank"" rel=""noopener""><span class=""club-name"">The P…"
"reciprocal-clubs.html","323","BadChar:Smart-quote mojibake","<a class=""club-row"" href=""https://pinnacleclubaugusta.com/"" target=""_blank"" rel=""noopener""><span class=""club-name"">The P…"
"reciprocal-clubs.html","324","BadChar:UTF8-as-Latin1","<a class=""club-row"" href=""https://www.georgianclub.com/"" target=""_blank"" rel=""noopener""><span class=""club-name"">The Geor…"
"reciprocal-clubs.html","324","BadChar:Smart-quote mojibake","<a class=""club-row"" href=""https://www.georgianclub.com/"" target=""_blank"" rel=""noopener""><span class=""club-name"">The Geor…"
"reciprocal-clubs.html","329","BadChar:UTF8-as-Latin1","<a class=""club-row"" href=""https://aridclub.org/"" target=""_blank"" rel=""noopener""><span class=""club-name"">Arid Club <span …"
"reciprocal-clubs.html","329","BadChar:Smart-quote mojibake","<a class=""club-row"" href=""https://aridclub.org/"" target=""_blank"" rel=""noopener""><span class=""club-name"">Arid Club <span …"
"reciprocal-clubs.html","334","BadChar:UTF8-as-Latin1","<a class=""club-row"" href=""https://www.michiganshores.org/"" target=""_blank"" rel=""noopener""><span class=""club-name"">Michig…"
"reciprocal-clubs.html","334","BadChar:Smart-quote mojibake","<a class=""club-row"" href=""https://www.michiganshores.org/"" target=""_blank"" rel=""noopener""><span class=""club-name"">Michig…"
"reciprocal-clubs.html","339","BadChar:UTF8-as-Latin1","<a class=""club-row"" href=""https://columbia-club.org/"" target=""_blank"" rel=""noopener""><span class=""club-name"">The Columbi…"
"reciprocal-clubs.html","339","BadChar:Smart-quote mojibake","<a class=""club-row"" href=""https://columbia-club.org/"" target=""_blank"" rel=""noopener""><span class=""club-name"">The Columbi…"
"reciprocal-clubs.html","344","BadChar:UTF8-as-Latin1","<a class=""club-row"" href=""https://www.theoutingclub.com/"" target=""_blank"" rel=""noopener""><span class=""club-name"">The Out…"
"reciprocal-clubs.html","344","BadChar:Smart-quote mojibake","<a class=""club-row"" href=""https://www.theoutingclub.com/"" target=""_blank"" rel=""noopener""><span class=""club-name"">The Out…"
"reciprocal-clubs.html","349","BadChar:UTF8-as-Latin1","<a class=""club-row"" href=""https://cumberlandclub.org/"" target=""_blank"" rel=""noopener""><span class=""club-name"">The Cumber…"
"reciprocal-clubs.html","349","BadChar:Smart-quote mojibake","<a class=""club-row"" href=""https://cumberlandclub.org/"" target=""_blank"" rel=""noopener""><span class=""club-name"">The Cumber…"
"reciprocal-clubs.html","354","BadChar:UTF8-as-Latin1","<a class=""club-row"" href=""https://www.harvardclub.com/"" target=""_blank"" rel=""noopener""><span class=""club-name"">The Harva…"
"reciprocal-clubs.html","354","BadChar:Smart-quote mojibake","<a class=""club-row"" href=""https://www.harvardclub.com/"" target=""_blank"" rel=""noopener""><span class=""club-name"">The Harva…"
"reciprocal-clubs.html","355","BadChar:UTF8-as-Latin1","<a class=""club-row"" href=""https://www.uclub.org/"" target=""_blank"" rel=""noopener""><span class=""club-name"">University Club…"
"reciprocal-clubs.html","355","BadChar:Smart-quote mojibake","<a class=""club-row"" href=""https://www.uclub.org/"" target=""_blank"" rel=""noopener""><span class=""club-name"">University Club…"
"reciprocal-clubs.html","356","BadChar:UTF8-as-Latin1","<a class=""club-row"" href=""https://www.wamsuttaclub.club/"" target=""_blank"" rel=""noopener""><span class=""club-name"">The Wam…"
"reciprocal-clubs.html","356","BadChar:Smart-quote mojibake","<a class=""club-row"" href=""https://www.wamsuttaclub.club/"" target=""_blank"" rel=""noopener""><span class=""club-name"">The Wam…"
"reciprocal-clubs.html","357","BadChar:UTF8-as-Latin1","<a class=""club-row"" href=""https://www.worcclub.org/"" target=""_blank"" rel=""noopener""><span class=""club-name"">The Worceste…"
"reciprocal-clubs.html","357","BadChar:Smart-quote mojibake","<a class=""club-row"" href=""https://www.worcclub.org/"" target=""_blank"" rel=""noopener""><span class=""club-name"">The Worceste…"
"reciprocal-clubs.html","362","BadChar:UTF8-as-Latin1","<a class=""club-row"" href=""https://www.universityclubofstpaul.com/"" target=""_blank"" rel=""noopener""><span class=""club-name…"
"reciprocal-clubs.html","362","BadChar:Smart-quote mojibake","<a class=""club-row"" href=""https://www.universityclubofstpaul.com/"" target=""_blank"" rel=""noopener""><span class=""club-name…"
"reciprocal-clubs.html","363","BadChar:UTF8-as-Latin1","<a class=""club-row"" href=""https://kitchigammiclub.com/"" target=""_blank"" rel=""noopener""><span class=""club-name"">Kitchi Ga…"
"reciprocal-clubs.html","363","BadChar:Smart-quote mojibake","<a class=""club-row"" href=""https://kitchigammiclub.com/"" target=""_blank"" rel=""noopener""><span class=""club-name"">Kitchi Ga…"
"reciprocal-clubs.html","368","BadChar:UTF8-as-Latin1","<a class=""club-row"" href=""https://www.capitalclubms.com/"" target=""_blank"" rel=""noopener""><span class=""club-name"">The Cap…"
"reciprocal-clubs.html","368","BadChar:Smart-quote mojibake","<a class=""club-row"" href=""https://www.capitalclubms.com/"" target=""_blank"" rel=""noopener""><span class=""club-name"">The Cap…"
"reciprocal-clubs.html","373","BadChar:UTF8-as-Latin1","<a class=""club-row"" href=""https://www.thecarriageclub.com/"" target=""_blank"" rel=""noopener""><span class=""club-name"">Carri…"
"reciprocal-clubs.html","373","BadChar:Smart-quote mojibake","<a class=""club-row"" href=""https://www.thecarriageclub.com/"" target=""_blank"" rel=""noopener""><span class=""club-name"">Carri…"
"reciprocal-clubs.html","378","BadChar:UTF8-as-Latin1","<a class=""club-row"" href=""https://www.parkavenueclub.com/"" target=""_blank"" rel=""noopener""><span class=""club-name"">The Pa…"
"reciprocal-clubs.html","378","BadChar:Smart-quote mojibake","<a class=""club-row"" href=""https://www.parkavenueclub.com/"" target=""_blank"" rel=""noopener""><span class=""club-name"">The Pa…"
"reciprocal-clubs.html","379","BadChar:UTF8-as-Latin1","<a class=""club-row"" href=""https://www.morristownclub.net/"" target=""_blank"" rel=""noopener""><span class=""club-name"">The Mo…"
"reciprocal-clubs.html","379","BadChar:Smart-quote mojibake","<a class=""club-row"" href=""https://www.morristownclub.net/"" target=""_blank"" rel=""noopener""><span class=""club-name"">The Mo…"
"reciprocal-clubs.html","384","BadChar:UTF8-as-Latin1","<a class=""club-row"" href=""https://www.thedta.com/"" target=""_blank"" rel=""noopener""><span class=""club-name"">Downtown Assoc…"
"reciprocal-clubs.html","384","BadChar:Smart-quote mojibake","<a class=""club-row"" href=""https://www.thedta.com/"" target=""_blank"" rel=""noopener""><span class=""club-name"">Downtown Assoc…"
"reciprocal-clubs.html","385","BadChar:UTF8-as-Latin1","<a class=""club-row"" href=""https://www.fortschuylerclub.com/"" target=""_blank"" rel=""noopener""><span class=""club-name"">The …"
"reciprocal-clubs.html","385","BadChar:Smart-quote mojibake","<a class=""club-row"" href=""https://www.fortschuylerclub.com/"" target=""_blank"" rel=""noopener""><span class=""club-name"">The …"
"reciprocal-clubs.html","390","BadChar:UTF8-as-Latin1","<a class=""club-row"" href=""https://accolumbus.com/"" target=""_blank"" rel=""noopener""><span class=""club-name"">The Athletic C…"
"reciprocal-clubs.html","390","BadChar:Smart-quote mojibake","<a class=""club-row"" href=""https://accolumbus.com/"" target=""_blank"" rel=""noopener""><span class=""club-name"">The Athletic C…"
"reciprocal-clubs.html","391","BadChar:UTF8-as-Latin1","<a class=""club-row"" href=""https://theunionclub.org/"" target=""_blank"" rel=""noopener""><span class=""club-name"">The Union Cl…"
"reciprocal-clubs.html","391","BadChar:Smart-quote mojibake","<a class=""club-row"" href=""https://theunionclub.org/"" target=""_blank"" rel=""noopener""><span class=""club-name"">The Union Cl…"
"reciprocal-clubs.html","392","BadChar:UTF8-as-Latin1","<a class=""club-row"" href=""https://www.uclubcincinnati.com/"" target=""_blank"" rel=""noopener""><span class=""club-name"">The U…"
"reciprocal-clubs.html","392","BadChar:Smart-quote mojibake","<a class=""club-row"" href=""https://www.uclubcincinnati.com/"" target=""_blank"" rel=""noopener""><span class=""club-name"">The U…"
"reciprocal-clubs.html","397","BadChar:UTF8-as-Latin1","<a class=""club-row"" href=""https://beaconclub.com/"" target=""_blank"" rel=""noopener""><span class=""club-name"">Beacon Club <s…"
"reciprocal-clubs.html","397","BadChar:Smart-quote mojibake","<a class=""club-row"" href=""https://beaconclub.com/"" target=""_blank"" rel=""noopener""><span class=""club-name"">Beacon Club <s…"
"reciprocal-clubs.html","402","BadChar:UTF8-as-Latin1","<a class=""club-row"" href=""https://rcop.com/"" target=""_blank"" rel=""noopener""><span class=""club-name"">The Racquet Club of …"
"reciprocal-clubs.html","402","BadChar:Smart-quote mojibake","<a class=""club-row"" href=""https://rcop.com/"" target=""_blank"" rel=""noopener""><span class=""club-name"">The Racquet Club of …"
"reciprocal-clubs.html","407","BadChar:UTF8-as-Latin1","<a class=""club-row"" href=""https://www.hopeclub.com/"" target=""_blank"" rel=""noopener""><span class=""club-name"">The Hope Clu…"
"reciprocal-clubs.html","407","BadChar:Smart-quote mojibake","<a class=""club-row"" href=""https://www.hopeclub.com/"" target=""_blank"" rel=""noopener""><span class=""club-name"">The Hope Clu…"
"reciprocal-clubs.html","412","BadChar:UTF8-as-Latin1","<a class=""club-row"" href=""https://www.greenboundaryclub.com/"" target=""_blank"" rel=""noopener""><span class=""club-name"">Gre…"
"reciprocal-clubs.html","412","BadChar:Smart-quote mojibake","<a class=""club-row"" href=""https://www.greenboundaryclub.com/"" target=""_blank"" rel=""noopener""><span class=""club-name"">Gre…"
"reciprocal-clubs.html","413","BadChar:UTF8-as-Latin1","<a class=""club-row"" href=""https://www.cityclubofrockhill.com/"" target=""_blank"" rel=""noopener""><span class=""club-name"">Th…"
"reciprocal-clubs.html","413","BadChar:Smart-quote mojibake","<a class=""club-row"" href=""https://www.cityclubofrockhill.com/"" target=""_blank"" rel=""noopener""><span class=""club-name"">Th…"
"reciprocal-clubs.html","418","BadChar:UTF8-as-Latin1","<a class=""club-row"" href=""https://www.ucmem.com/"" target=""_blank"" rel=""noopener""><span class=""club-name"">The University …"
"reciprocal-clubs.html","418","BadChar:Smart-quote mojibake","<a class=""club-row"" href=""https://www.ucmem.com/"" target=""_blank"" rel=""noopener""><span class=""club-name"">The University …"
"reciprocal-clubs.html","423","BadChar:UTF8-as-Latin1","<a class=""club-row"" href=""https://www.fortworthclub.com/"" target=""_blank"" rel=""noopener""><span class=""club-name"">The For…"
"reciprocal-clubs.html","423","BadChar:Smart-quote mojibake","<a class=""club-row"" href=""https://www.fortworthclub.com/"" target=""_blank"" rel=""noopener""><span class=""club-name"">The For…"
"reciprocal-clubs.html","428","BadChar:UTF8-as-Latin1","<a class=""club-row"" href=""https://www.armynavyclub.org/"" target=""_blank"" rel=""noopener""><span class=""club-name"">The Army…"
"reciprocal-clubs.html","428","BadChar:Smart-quote mojibake","<a class=""club-row"" href=""https://www.armynavyclub.org/"" target=""_blank"" rel=""noopener""><span class=""club-name"">The Army…"
"reciprocal-clubs.html","429","BadChar:UTF8-as-Latin1","<a class=""club-row"" href=""https://www.georgetownclub.org/"" target=""_blank"" rel=""noopener""><span class=""club-name"">The Ge…"
"reciprocal-clubs.html","429","BadChar:Smart-quote mojibake","<a class=""club-row"" href=""https://www.georgetownclub.org/"" target=""_blank"" rel=""noopener""><span class=""club-name"">The Ge…"
"reciprocal-clubs.html","450","BadChar:UTF8-as-Latin1","<a class=""club-row"" href=""https://www.publicschoolsclub.com.au/"" target=""_blank"" rel=""noopener""><span class=""club-name"">…"
"reciprocal-clubs.html","450","BadChar:Smart-quote mojibake","<a class=""club-row"" href=""https://www.publicschoolsclub.com.au/"" target=""_blank"" rel=""noopener""><span class=""club-name"">…"
"reciprocal-clubs.html","455","BadChar:UTF8-as-Latin1","<a class=""club-row"" href=""https://www.thehamiltonclub.com/"" target=""_blank"" rel=""noopener""><span class=""club-name"">The H…"
"reciprocal-clubs.html","455","BadChar:Smart-quote mojibake","<a class=""club-row"" href=""https://www.thehamiltonclub.com/"" target=""_blank"" rel=""noopener""><span class=""club-name"">The H…"
"reciprocal-clubs.html","456","BadChar:UTF8-as-Latin1","<a class=""club-row"" href=""https://thebrantfordclub.com/"" target=""_blank"" rel=""noopener""><span class=""club-name"">The Bran…"
"reciprocal-clubs.html","456","BadChar:Smart-quote mojibake","<a class=""club-row"" href=""https://thebrantfordclub.com/"" target=""_blank"" rel=""noopener""><span class=""club-name"">The Bran…"
"reciprocal-clubs.html","457","BadChar:UTF8-as-Latin1","<a class=""club-row"" href=""https://www.thenationalclub.com/"" target=""_blank"" rel=""noopener""><span class=""club-name"">The N…"
"reciprocal-clubs.html","457","BadChar:Smart-quote mojibake","<a class=""club-row"" href=""https://www.thenationalclub.com/"" target=""_blank"" rel=""noopener""><span class=""club-name"">The N…"
"reciprocal-clubs.html","462","BadChar:UTF8-as-Latin1","<a class=""club-row"" href=""https://www.ueberseeclub.de/"" target=""_blank"" rel=""noopener""><span class=""club-name"">Der ÃƒÅ“b…"
"reciprocal-clubs.html","462","BadChar:Smart-quote mojibake","<a class=""club-row"" href=""https://www.ueberseeclub.de/"" target=""_blank"" rel=""noopener""><span class=""club-name"">Der ÃƒÅ“b…"
"reciprocal-clubs.html","467","BadChar:UTF8-as-Latin1","<a class=""club-row"" href=""https://www.mercantileathletic.club/"" target=""_blank"" rel=""noopener""><span class=""club-name"">M…"
"reciprocal-clubs.html","467","BadChar:Smart-quote mojibake","<a class=""club-row"" href=""https://www.mercantileathletic.club/"" target=""_blank"" rel=""noopener""><span class=""club-name"">M…"
"restoration.html","169","BadChar:UTF8-as-Latin1","/* Ã¢â€â‚¬Ã¢â€â‚¬ HAMBURGER Ã¢â€â‚¬Ã¢â€â‚¬ */"
"restoration.html","234","BadChar:UTF8-as-Latin1","/* Ã¢â€â‚¬Ã¢â€â‚¬ UNIFIED NAV v2 Ã¢â€â‚¬Ã¢â€â‚¬ */"
"restoration.html","387","BadChar:UTF8-as-Latin1","<a href=""visit.html"">Plan a visit Ã¢â€ â€™</a>"
"restoration.html","387","BadChar:Smart-quote mojibake","<a href=""visit.html"">Plan a visit Ã¢â€ â€™</a>"
"restoration.html","484","BadChar:Smart-quote mojibake","<span style=""font-family:var(--display);font-size:22px;font-weight:600;color:var(--gold);line-height:1"">2025â€â€œ26</sp…"
"restoration.html","500","BadChar:UTF8-as-Latin1","<a href=""pierson-gallery.html"" class=""cta-btn"">Dr. Pierson Gallery Ã¢â€ â€™</a>"
"restoration.html","500","BadChar:Smart-quote mojibake","<a href=""pierson-gallery.html"" class=""cta-btn"">Dr. Pierson Gallery Ã¢â€ â€™</a>"
"room.html","169","BadChar:UTF8-as-Latin1","/* Ã¢â€â‚¬Ã¢â€â‚¬ HAMBURGER Ã¢â€â‚¬Ã¢â€â‚¬ */"
"room.html","313","BadChar:UTF8-as-Latin1","<!-- Ã¢â€¢ÂÃ¢â€¢ÂÃ¢â€¢Â HERO Ã¢â€¢ÂÃ¢â€¢ÂÃ¢â€¢Â -->"
"room.html","323","BadChar:Smart-quote mojibake","<div><strong>Lunch</strong>Wed BYO Ã‚Â· 12â€â€œ2 pm</div>"
"room.html","330","BadChar:UTF8-as-Latin1","<!-- Ã¢â€¢ÂÃ¢â€¢ÂÃ¢â€¢Â ABOVE & BELOW Ã¢â€¢ÂÃ¢â€¢ÂÃ¢â€¢Â -->"
"room.html","332","BadChar:UTF8-as-Latin1","<!-- Ã¢â€¢ÂÃ¢â€¢ÂÃ¢â€¢Â THOSE WHO SERVE Ã¢â€¢ÂÃ¢â€¢ÂÃ¢â€¢Â -->"
"room.html","335","BadChar:UTF8-as-Latin1","<!-- Ã¢â€¢ÂÃ¢â€¢ÂÃ¢â€¢Â THE ROOM Ã¢â€¢ÂÃ¢â€¢ÂÃ¢â€¢Â -->"
"room.html","395","BadChar:UTF8-as-Latin1","<!-- Ã¢â€¢ÂÃ¢â€¢ÂÃ¢â€¢Â HISTORY Ã¢â€¢ÂÃ¢â€¢ÂÃ¢â€¢Â -->"
"room.html","397","BadChar:UTF8-as-Latin1","<!-- Ã¢â€¢ÂÃ¢â€¢ÂÃ¢â€¢Â EVENTS Ã¢â€¢ÂÃ¢â€¢ÂÃ¢â€¢Â -->"
"room.html","399","BadChar:UTF8-as-Latin1","<!-- Ã¢â€¢ÂÃ¢â€¢ÂÃ¢â€¢Â THE CLUB ALIVE Ã¢â€¢ÂÃ¢â€¢ÂÃ¢â€¢Â -->"
"room.html","401","BadChar:UTF8-as-Latin1","<!-- Ã¢â€¢ÂÃ¢â€¢ÂÃ¢â€¢Â MEMBERSHIP Ã¢â€¢ÂÃ¢â€¢ÂÃ¢â€¢Â -->"
"room.html","403","BadChar:UTF8-as-Latin1","<!-- Ã¢â€¢ÂÃ¢â€¢ÂÃ¢â€¢Â VISIT Ã¢â€¢ÂÃ¢â€¢ÂÃ¢â€¢Â -->"
"submarineland.html","647","BadChar:Smart-quote mojibake","<p>A useful way to introduce the Clubâ€™s civic role without leading with a membership pitch.</p>"
"visit.html","169","BadChar:UTF8-as-Latin1","/* Ã¢â€â‚¬Ã¢â€â‚¬ HAMBURGER Ã¢â€â‚¬Ã¢â€â‚¬ */"
"visit.html","313","BadChar:UTF8-as-Latin1","<!-- Ã¢â€¢ÂÃ¢â€¢ÂÃ¢â€¢Â HERO Ã¢â€¢ÂÃ¢â€¢ÂÃ¢â€¢Â -->"
"visit.html","323","BadChar:Smart-quote mojibake","<div><strong>Lunch</strong>Wed BYO Ã‚Â· 12â€â€œ2 pm</div>"
"visit.html","330","BadChar:UTF8-as-Latin1","<!-- Ã¢â€¢ÂÃ¢â€¢ÂÃ¢â€¢Â ABOVE & BELOW Ã¢â€¢ÂÃ¢â€¢ÂÃ¢â€¢Â -->"
"visit.html","332","BadChar:UTF8-as-Latin1","<!-- Ã¢â€¢ÂÃ¢â€¢ÂÃ¢â€¢Â THOSE WHO SERVE Ã¢â€¢ÂÃ¢â€¢ÂÃ¢â€¢Â -->"
"visit.html","335","BadChar:UTF8-as-Latin1","<!-- Ã¢â€¢ÂÃ¢â€¢ÂÃ¢â€¢Â THE ROOM Ã¢â€¢ÂÃ¢â€¢ÂÃ¢â€¢Â -->"
"visit.html","339","BadChar:UTF8-as-Latin1","<!-- Ã¢â€¢ÂÃ¢â€¢ÂÃ¢â€¢Â HISTORY Ã¢â€¢ÂÃ¢â€¢ÂÃ¢â€¢Â -->"
"visit.html","341","BadChar:UTF8-as-Latin1","<!-- Ã¢â€¢ÂÃ¢â€¢ÂÃ¢â€¢Â EVENTS Ã¢â€¢ÂÃ¢â€¢ÂÃ¢â€¢Â -->"
"visit.html","343","BadChar:UTF8-as-Latin1","<!-- Ã¢â€¢ÂÃ¢â€¢ÂÃ¢â€¢Â THE CLUB ALIVE Ã¢â€¢ÂÃ¢â€¢ÂÃ¢â€¢Â -->"
"visit.html","345","BadChar:UTF8-as-Latin1","<!-- Ã¢â€¢ÂÃ¢â€¢ÂÃ¢â€¢Â MEMBERSHIP Ã¢â€¢ÂÃ¢â€¢ÂÃ¢â€¢Â -->"
"visit.html","347","BadChar:UTF8-as-Latin1","<!-- Ã¢â€¢ÂÃ¢â€¢ÂÃ¢â€¢Â VISIT Ã¢â€¢ÂÃ¢â€¢ÂÃ¢â€¢Â -->"
"above-and-below-issue-001.html","168","BadChar:UTF8-as-Latin1","<!-- Ã¢â€¢ÂÃ¢â€¢ÂÃ¢â€¢ÂÃ¢â€¢ÂÃ¢â€¢ÂÃ¢â€¢ÂÃ¢â€¢ÂÃ¢â€¢ÂÃ¢â€¢ÂÃ¢â€¢ÂÃ¢â€¢ÂÃ¢â€¢ÂÃ¢â€¢ÂÃ¢â€¢ÂÃ¢â€¢ÂÃ¢â€¢ÂÃ¢â…"
"above-and-below-issue-001.html","170","BadChar:UTF8-as-Latin1","Ã¢â€¢ÂÃ¢â€¢ÂÃ¢â€¢ÂÃ¢â€¢ÂÃ¢â€¢ÂÃ¢â€¢ÂÃ¢â€¢ÂÃ¢â€¢ÂÃ¢â€¢ÂÃ¢â€¢ÂÃ¢â€¢ÂÃ¢â€¢ÂÃ¢â€¢ÂÃ¢â€¢ÂÃ¢â€¢ÂÃ¢â€¢ÂÃ¢â€¢ÂÃ…"
"above-and-below-issue-001.html","189","BadChar:UTF8-as-Latin1","<!-- Ã¢â€¢ÂÃ¢â€¢ÂÃ¢â€¢ÂÃ¢â€¢ÂÃ¢â€¢ÂÃ¢â€¢ÂÃ¢â€¢ÂÃ¢â€¢ÂÃ¢â€¢ÂÃ¢â€¢ÂÃ¢â€¢ÂÃ¢â€¢ÂÃ¢â€¢ÂÃ¢â€¢ÂÃ¢â€¢ÂÃ¢â€¢ÂÃ¢â…"
"above-and-below-issue-001.html","191","BadChar:UTF8-as-Latin1","Ã¢â€¢ÂÃ¢â€¢ÂÃ¢â€¢ÂÃ¢â€¢ÂÃ¢â€¢ÂÃ¢â€¢ÂÃ¢â€¢ÂÃ¢â€¢ÂÃ¢â€¢ÂÃ¢â€¢ÂÃ¢â€¢ÂÃ¢â€¢ÂÃ¢â€¢ÂÃ¢â€¢ÂÃ¢â€¢ÂÃ¢â€¢ÂÃ¢â€¢ÂÃ…"
"above-and-below-issue-001.html","194","BadChar:Double-encoded","<div style=""margin:24px 0 20px""><img alt=""RamÃƒÂ³n Masso-Flores"" src=""images/ramon-tile.jpg"" style=""width:23%;display:bl…"
"above-and-below-issue-001.html","195","BadChar:Double-encoded","<div class=""a-sub"">By RamÃƒÂ³n Masso-Flores, Senior Chief Petty Officer (Ret.), U.S. Submarine Service<br>"
"above-and-below-issue-001.html","231","BadChar:Smart-quote mojibake","It was law school next and after retirement I found my way to the public defenderâ€™s office."
"above-and-below-issue-001.html","314","BadChar:UTF8-as-Latin1","<!-- Ã¢â€¢ÂÃ¢â€¢ÂÃ¢â€¢ÂÃ¢â€¢ÂÃ¢â€¢ÂÃ¢â€¢ÂÃ¢â€¢ÂÃ¢â€¢ÂÃ¢â€¢ÂÃ¢â€¢ÂÃ¢â€¢ÂÃ¢â€¢ÂÃ¢â€¢ÂÃ¢â€¢ÂÃ¢â€¢ÂÃ¢â€¢ÂÃ¢â…"
"above-and-below-issue-001.html","316","BadChar:UTF8-as-Latin1","Ã¢â€¢ÂÃ¢â€¢ÂÃ¢â€¢ÂÃ¢â€¢ÂÃ¢â€¢ÂÃ¢â€¢ÂÃ¢â€¢ÂÃ¢â€¢ÂÃ¢â€¢ÂÃ¢â€¢ÂÃ¢â€¢ÂÃ¢â€¢ÂÃ¢â€¢ÂÃ¢â€¢ÂÃ¢â€¢ÂÃ¢â€¢ÂÃ¢â€¢ÂÃ…"
"above-and-below-issue-001.html","357","BadChar:UTF8-as-Latin1","<!-- Ã¢â€¢ÂÃ¢â€¢ÂÃ¢â€¢ÂÃ¢â€¢ÂÃ¢â€¢ÂÃ¢â€¢ÂÃ¢â€¢ÂÃ¢â€¢ÂÃ¢â€¢ÂÃ¢â€¢ÂÃ¢â€¢ÂÃ¢â€¢ÂÃ¢â€¢ÂÃ¢â€¢ÂÃ¢â€¢ÂÃ¢â€¢ÂÃ¢â…"
"above-and-below-issue-001.html","359","BadChar:UTF8-as-Latin1","Ã¢â€¢ÂÃ¢â€¢ÂÃ¢â€¢ÂÃ¢â€¢ÂÃ¢â€¢ÂÃ¢â€¢ÂÃ¢â€¢ÂÃ¢â€¢ÂÃ¢â€¢ÂÃ¢â€¢ÂÃ¢â€¢ÂÃ¢â€¢ÂÃ¢â€¢ÂÃ¢â€¢ÂÃ¢â€¢ÂÃ¢â€¢ÂÃ¢â€¢ÂÃ…"
"above-and-below-issue-001.html","374","BadChar:UTF8-as-Latin1","<p>What he does is join metal. The simple version. The complicated version involves tolerances measured in thousandths o…"
"above-and-below-issue-001.html","400","BadChar:UTF8-as-Latin1","<!-- Ã¢â€¢ÂÃ¢â€¢ÂÃ¢â€¢ÂÃ¢â€¢ÂÃ¢â€¢ÂÃ¢â€¢ÂÃ¢â€¢ÂÃ¢â€¢ÂÃ¢â€¢ÂÃ¢â€¢ÂÃ¢â€¢ÂÃ¢â€¢ÂÃ¢â€¢ÂÃ¢â€¢ÂÃ¢â€¢ÂÃ¢â€¢ÂÃ¢â…"
"above-and-below-issue-001.html","402","BadChar:UTF8-as-Latin1","Ã¢â€¢ÂÃ¢â€¢ÂÃ¢â€¢ÂÃ¢â€¢ÂÃ¢â€¢ÂÃ¢â€¢ÂÃ¢â€¢ÂÃ¢â€¢ÂÃ¢â€¢ÂÃ¢â€¢ÂÃ¢â€¢ÂÃ¢â€¢ÂÃ¢â€¢ÂÃ¢â€¢ÂÃ¢â€¢ÂÃ¢â€¢ÂÃ¢â€¢ÂÃ…"
"above-and-below-issue-001.html","418","BadChar:UTF8-as-Latin1","<div class=""menu-wine"">Muscadet SÃ¨vre et Maine. Bone-dry, built for oysters.</div>"
"above-and-below-issue-001.html","425","BadChar:UTF8-as-Latin1","<div class=""menu-wine"">AlbariÃ±o, RÃƒÂ­as Baixas. Bright acidity to cut the cream.</div>"
"above-and-below-issue-001.html","425","BadChar:Double-encoded","<div class=""menu-wine"">AlbariÃ±o, RÃƒÂ­as Baixas. Bright acidity to cut the cream.</div>"
"above-and-below-issue-001.html","438","BadChar:Double-encoded","<div class=""menu-wine"">Pauillac, ChÃƒÂ¢teau Lynch-Bages 2016. Or: Stag's Leap Artemis, Napa Valley.</div>"
"above-and-below-issue-001.html","444","BadChar:UTF8-as-Latin1","<div class=""menu-desc"">Jasper Hill Harbison. Cabot Clothbound Cheddar aged at Jasper Hill. A local chÃ¨vre. Honeycomb, f…"
"above-and-below-issue-001.html","450","BadChar:UTF8-as-Latin1","<div class=""menu-name"">Warm Apple Brown Betty with Vanilla CrÃ¨me Anglaise</div>"
"above-and-below-issue-001.html","468","BadChar:UTF8-as-Latin1","<!-- Ã¢â€¢ÂÃ¢â€¢ÂÃ¢â€¢ÂÃ¢â€¢ÂÃ¢â€¢ÂÃ¢â€¢ÂÃ¢â€¢ÂÃ¢â€¢ÂÃ¢â€¢ÂÃ¢â€¢ÂÃ¢â€¢ÂÃ¢â€¢ÂÃ¢â€¢ÂÃ¢â€¢ÂÃ¢â€¢ÂÃ¢â€¢ÂÃ¢â…"
"above-and-below-issue-001.html","470","BadChar:UTF8-as-Latin1","Ã¢â€¢ÂÃ¢â€¢ÂÃ¢â€¢ÂÃ¢â€¢ÂÃ¢â€¢ÂÃ¢â€¢ÂÃ¢â€¢ÂÃ¢â€¢ÂÃ¢â€¢ÂÃ¢â€¢ÂÃ¢â€¢ÂÃ¢â€¢ÂÃ¢â€¢ÂÃ¢â€¢ÂÃ¢â€¢ÂÃ¢â€¢ÂÃ¢â€¢ÂÃ…"
"above-and-below-issue-001.html","491","BadChar:UTF8-as-Latin1","<!-- Ã¢â€¢ÂÃ¢â€¢ÂÃ¢â€¢ÂÃ¢â€¢ÂÃ¢â€¢ÂÃ¢â€¢ÂÃ¢â€¢ÂÃ¢â€¢ÂÃ¢â€¢ÂÃ¢â€¢ÂÃ¢â€¢ÂÃ¢â€¢ÂÃ¢â€¢ÂÃ¢â€¢ÂÃ¢â€¢ÂÃ¢â€¢ÂÃ¢â…"
"above-and-below-issue-001.html","493","BadChar:UTF8-as-Latin1","Ã¢â€¢ÂÃ¢â€¢ÂÃ¢â€¢ÂÃ¢â€¢ÂÃ¢â€¢ÂÃ¢â€¢ÂÃ¢â€¢ÂÃ¢â€¢ÂÃ¢â€¢ÂÃ¢â€¢ÂÃ¢â€¢ÂÃ¢â€¢ÂÃ¢â€¢ÂÃ¢â€¢ÂÃ¢â€¢ÂÃ¢â€¢ÂÃ¢â€¢ÂÃ…"
"above-and-below-issue-001.html","518","BadChar:UTF8-as-Latin1","<!-- Ã¢â€¢ÂÃ¢â€¢ÂÃ¢â€¢ÂÃ¢â€¢ÂÃ¢â€¢ÂÃ¢â€¢ÂÃ¢â€¢ÂÃ¢â€¢ÂÃ¢â€¢ÂÃ¢â€¢ÂÃ¢â€¢ÂÃ¢â€¢ÂÃ¢â€¢ÂÃ¢â€¢ÂÃ¢â€¢ÂÃ¢â€¢ÂÃ¢â…"
"above-and-below-issue-001.html","520","BadChar:UTF8-as-Latin1","Ã¢â€¢ÂÃ¢â€¢ÂÃ¢â€¢ÂÃ¢â€¢ÂÃ¢â€¢ÂÃ¢â€¢ÂÃ¢â€¢ÂÃ¢â€¢ÂÃ¢â€¢ÂÃ¢â€¢ÂÃ¢â€¢ÂÃ¢â€¢ÂÃ¢â€¢ÂÃ¢â€¢ÂÃ¢â€¢ÂÃ¢â€¢ÂÃ¢â€¢ÂÃ…"
"above-and-below-issue-001.html","554","BadChar:UTF8-as-Latin1","<!-- Ã¢â€¢ÂÃ¢â€¢ÂÃ¢â€¢ÂÃ¢â€¢ÂÃ¢â€¢ÂÃ¢â€¢ÂÃ¢â€¢ÂÃ¢â€¢ÂÃ¢â€¢ÂÃ¢â€¢ÂÃ¢â€¢ÂÃ¢â€¢ÂÃ¢â€¢ÂÃ¢â€¢ÂÃ¢â€¢ÂÃ¢â€¢ÂÃ¢â…"
"above-and-below-issue-001.html","556","BadChar:UTF8-as-Latin1","Ã¢â€¢ÂÃ¢â€¢ÂÃ¢â€¢ÂÃ¢â€¢ÂÃ¢â€¢ÂÃ¢â€¢ÂÃ¢â€¢ÂÃ¢â€¢ÂÃ¢â€¢ÂÃ¢â€¢ÂÃ¢â€¢ÂÃ¢â€¢ÂÃ¢â€¢ÂÃ¢â€¢ÂÃ¢â€¢ÂÃ¢â€¢ÂÃ¢â€¢ÂÃ…"
"above-and-below-issue-001.html","562","BadChar:UTF8-as-Latin1","<!-- Ã¢â€¢ÂÃ¢â€¢ÂÃ¢â€¢ÂÃ¢â€¢ÂÃ¢â€¢ÂÃ¢â€¢ÂÃ¢â€¢ÂÃ¢â€¢ÂÃ¢â€¢ÂÃ¢â€¢ÂÃ¢â€¢ÂÃ¢â€¢ÂÃ¢â€¢ÂÃ¢â€¢ÂÃ¢â€¢ÂÃ¢â€¢ÂÃ¢â…"
"above-and-below-issue-001.html","564","BadChar:UTF8-as-Latin1","Ã¢â€¢ÂÃ¢â€¢ÂÃ¢â€¢ÂÃ¢â€¢ÂÃ¢â€¢ÂÃ¢â€¢ÂÃ¢â€¢ÂÃ¢â€¢ÂÃ¢â€¢ÂÃ¢â€¢ÂÃ¢â€¢ÂÃ¢â€¢ÂÃ¢â€¢ÂÃ¢â€¢ÂÃ¢â€¢ÂÃ¢â€¢ÂÃ¢â€¢ÂÃ…"
"above-and-below-issue-001.html","585","BadChar:Smart-quote mojibake","Lunch: Tuesâ€â€œThurs, 12â€â€œ2 pm<br>"
"above-and-below-issue-001.html","586","BadChar:Smart-quote mojibake","Pub: Wedâ€â€œSat, 5â€â€œ9 pm<br>"
"above-and-below-issue-2.html","6","BadChar:Smart-quote mojibake","<title>Above & Beyond â€” Issue 2 | Thames Club</title>"
"above-and-below-issue-2.html","506","BadChar:Smart-quote mojibake","<p class=""deck"">From a nuclear plant fifty years in service to turbines rising off Block Island, southeastern Connecticu…"
"above-and-below-issue-2.html","536","BadChar:Smart-quote mojibake","<p>There is a particular quality of attention that comes with living close to things that matter. Not the anxious, headl…"
"above-and-below-issue-2.html","538","BadChar:Smart-quote mojibake","<p>This issue of Above &amp; Beyond takes up energy and security â€” not as abstractions, but as they exist on the groun…"
"above-and-below-issue-2.html","540","BadChar:Smart-quote mojibake","<p>Our membership spans this world in full. Some of you work at Electric Boat or Millstone or the submarine base; others…"
"above-and-below-issue-2.html","595","BadChar:Smart-quote mojibake","<p>That is not a modest statement. It implies continuity through whatever storms â€” political, economic, climatic â€” t…"
"above-and-below-issue-2.html","597","BadChar:Smart-quote mojibake","<p>The stakes are not difficult to understand. Millstone's Unit 2 and Unit 3 together generate roughly one-third of all …"
"above-and-below-issue-2.html","601","BadChar:Smart-quote mojibake","<cite>Bob Blue, CEO, Dominion Energy â€” Millstone 50th Anniversary, September 2025</cite>"
"above-and-below-issue-2.html","604","BadChar:Smart-quote mojibake","<p>Dominion has signaled clearly that it intends to stay. The company has announced approximately $1 billion in capital …"
"above-and-below-issue-2.html","606","BadChar:Smart-quote mojibake","<p>For Thames Club members with connections to Millstone â€” through employment, contracting, or simply through the regi…"
"above-and-below-issue-2.html","613","BadChar:Smart-quote mojibake","<p>One issue at Millstone that warrants candor: as of 2021, approximately 2,441 metric tons of spent uranium fuel were h…"
"above-and-below-issue-2.html","630","BadChar:Smart-quote mojibake","<div class=""section-subhead"">Revolution Wind comes online â€” after everything the federal government could throw at it<…"
"above-and-below-issue-2.html","636","BadChar:Smart-quote mojibake","<p>The understatement was considerable. Revolution Wind â€” a 704-megawatt offshore project developed by Ã˜rsted and Glo…"
"above-and-below-issue-2.html","665","BadChar:Smart-quote mojibake","<p>The project's New London connection is direct. State Pier â€” redeveloped at a cost exceeding $300 million â€” served…"
"above-and-below-issue-2.html","667","BadChar:Smart-quote mojibake","<p>What is clear is that Revolution Wind is here, producing roughly 2.5 percent of New England's electric supply. Connec…"
"above-and-below-issue-2.html","673","BadChar:Smart-quote mojibake","<cite>Katie Dykes, Commissioner, Connecticut DEEP â€” March 2026</cite>"
"above-and-below-issue-2.html","679","BadChar:Smart-quote mojibake","<p>The redevelopment of New London State Pier into a regional offshore wind hub was not a foregone conclusion. It requir…"
"above-and-below-issue-2.html","696","BadChar:Smart-quote mojibake","<div class=""section-subhead"">Energy security as national security â€” the view from 2026</div>"
"above-and-below-issue-2.html","700","BadChar:Smart-quote mojibake","<p>Energy security is not a new concept. But the past two years have given it a specificity that policy discussions rare…"
"above-and-below-issue-2.html","702","BadChar:Smart-quote mojibake","<p>The United States' response to Russian nuclear posturing in the summer of 2025 put submarine deployments briefly in t…"
"above-and-below-issue-2.html","707","BadChar:Smart-quote mojibake","<p>As of 2025, the United States operates 71 submarines â€” all nuclear-powered â€” making it the largest undersea force…"
"above-and-below-issue-2.html","711","BadChar:Smart-quote mojibake","<p>Connecticut's electricity prices, routinely among the highest in the nation, are in part a function of the region's d…"
"above-and-below-issue-2.html","729","BadChar:Smart-quote mojibake","<div class=""section-subhead"">What has come out of Groton in the past twelve months â€” and what is coming</div>"
"above-and-below-issue-2.html","733","BadChar:Smart-quote mojibake","<p>The commissioning record of the past year is worth pausing on. In April 2025, USS Iowa (SSN-797), the 24th Virginia-c…"
"above-and-below-issue-2.html","735","BadChar:Smart-quote mojibake","<p>General Dynamics Electric Boat â€” with facilities in Groton and at Quonset Point, Rhode Island â€” built each of the…"
"above-and-below-issue-2.html","760","BadChar:Smart-quote mojibake","<p>Beyond the Virginia class, the Columbia class has begun to take shape. USS District of Columbia, the lead boat, is in…"
"above-and-below-issue-2.html","762","BadChar:Smart-quote mojibake","<p>The naming of USS Groton matters beyond ceremony. It is an acknowledgment that the industrial and human infrastructur…"
"above-and-below-issue-2.html","769","BadChar:Smart-quote mojibake","<p>When President Trump invoked ""nuclear submarines"" in his exchange with Medvedev last summer, the CSIS analysts who re…"
"above-and-below-issue-2.html","792","BadChar:Smart-quote mojibake","<p>The offshore wind piece has become considerably more complicated under the current federal administration. Revolution…"
"above-and-below-issue-2.html","797","BadChar:Smart-quote mojibake","<p>""Connecticut currently has one nuclear power plant â€” Millstone. It produces enough power for about 2 million homes.…"
"above-and-below-issue-2.html","801","BadChar:Smart-quote mojibake","<p>What emerges from this moment, if things go reasonably well, is a grid that combines a large baseload nuclear facilit…"
"above-and-below-issue-2.html","823","BadChar:Smart-quote mojibake","<p>The Thames Club sits on State Street in New London, a few hundred yards from a working waterfront that connects to th…"
"above-and-below-issue-2.html","825","BadChar:Smart-quote mojibake","<p>Millstone, four miles west along the shoreline in Waterford, has been doing its own form of continuous, quiet work si…"
"above-and-below-issue-2.html","829","BadChar:Smart-quote mojibake","<p>The Thames Club has never been a place where everyone agrees. It has been a place where people with genuinely differe…"
"event-planners.html","169","BadChar:UTF8-as-Latin1","/* Ã¢â€â‚¬Ã¢â€â‚¬ HAMBURGER Ã¢â€â‚¬Ã¢â€â‚¬ */"
"event-planners.html","410","BadChar:UTF8-as-Latin1","<p><a href=""event-rooms.html"" style=""color:var(--gold-b)"">View all rooms Ã¢â€ â€™</a></p>"
"event-planners.html","410","BadChar:Smart-quote mojibake","<p><a href=""event-rooms.html"" style=""color:var(--gold-b)"">View all rooms Ã¢â€ â€™</a></p>"
"membership.html","169","BadChar:UTF8-as-Latin1","/* Ã¢â€â‚¬Ã¢â€â‚¬ HAMBURGER Ã¢â€â‚¬Ã¢â€â‚¬ */"
"membership.html","252","BadChar:UTF8-as-Latin1","<!-- Ã¢â€¢ÂÃ¢â€¢ÂÃ¢â€¢Â HERO Ã¢â€¢ÂÃ¢â€¢ÂÃ¢â€¢Â -->"
"membership.html","262","BadChar:Smart-quote mojibake","<div><strong>Lunch</strong>Wed BYO Ã‚Â· 12â€â€œ2 pm</div>"
"membership.html","269","BadChar:UTF8-as-Latin1","<!-- Ã¢â€¢ÂÃ¢â€¢ÂÃ¢â€¢Â ABOVE & BELOW Ã¢â€¢ÂÃ¢â€¢ÂÃ¢â€¢Â -->"
"membership.html","271","BadChar:UTF8-as-Latin1","<!-- Ã¢â€¢ÂÃ¢â€¢ÂÃ¢â€¢Â THOSE WHO SERVE Ã¢â€¢ÂÃ¢â€¢ÂÃ¢â€¢Â -->"
"membership.html","274","BadChar:UTF8-as-Latin1","<!-- Ã¢â€¢ÂÃ¢â€¢ÂÃ¢â€¢Â THE ROOM Ã¢â€¢ÂÃ¢â€¢ÂÃ¢â€¢Â -->"
"membership.html","278","BadChar:UTF8-as-Latin1","<!-- Ã¢â€¢ÂÃ¢â€¢ÂÃ¢â€¢Â HISTORY Ã¢â€¢ÂÃ¢â€¢ÂÃ¢â€¢Â -->"
"membership.html","280","BadChar:UTF8-as-Latin1","<!-- Ã¢â€¢ÂÃ¢â€¢ÂÃ¢â€¢Â EVENTS Ã¢â€¢ÂÃ¢â€¢ÂÃ¢â€¢Â -->"
"membership.html","282","BadChar:UTF8-as-Latin1","<!-- Ã¢â€¢ÂÃ¢â€¢ÂÃ¢â€¢Â THE CLUB ALIVE Ã¢â€¢ÂÃ¢â€¢ÂÃ¢â€¢Â -->"
"membership.html","284","BadChar:UTF8-as-Latin1","<!-- Ã¢â€¢ÂÃ¢â€¢ÂÃ¢â€¢Â MEMBERSHIP Ã¢â€¢ÂÃ¢â€¢ÂÃ¢â€¢Â -->"
"membership.html","339","BadChar:UTF8-as-Latin1","<!-- Ã¢â€¢ÂÃ¢â€¢ÂÃ¢â€¢Â VISIT Ã¢â€¢ÂÃ¢â€¢ÂÃ¢â€¢Â -->"
"above-and-below-issue-001.html","7","BadChar:Smart-quote mojibake","<title>Above &amp; Below â€” Issue One: Homecoming | The Thames Club</title>"
"above-and-below-issue-001.html","178","BadChar:Smart-quote mojibake","<div class=""cover-pub"">Above &amp; Below â€” A Quarterly Publication of The Thames Club</div>"
"above-and-below-issue-001.html","181","BadChar:Smart-quote mojibake","<p class=""cover-sub"">The first meal ashore. Thirty-one years in Building 260. Two banks of one river. A record of the co…"
"above-and-below-issue-001.html","222","BadChar:Smart-quote mojibake","that demands everything you have â€”"
"above-and-below-issue-001.html","228","BadChar:Smart-quote mojibake","what a person carries inside them â€” their"
"above-and-below-issue-001.html","229","BadChar:Smart-quote mojibake","character, their steadiness â€” matters most"
"above-and-below-issue-001.html","242","BadChar:Smart-quote mojibake","certain places do â€” quietly, without"
"above-and-below-issue-001.html","252","BadChar:Smart-quote mojibake","surprised me. I'll be honest â€” when I"
"above-and-below-issue-001.html","268","BadChar:Smart-quote mojibake","If you're new to this area â€” if the Navy"
"above-and-below-issue-001.html","277","BadChar:Smart-quote mojibake","the hospital, the neighborhoods â€” they have been shaped"
"above-and-below-issue-001.html","284","BadChar:Smart-quote mojibake","museum, though â€” it is a place where"
"above-and-below-issue-001.html","309","BadChar:Smart-quote mojibake","<img alt=""Thames Club â€” 102 Years"" src=""images/thames-102.png"" style=""max-width:100%;height:auto"">"
"above-and-below-issue-001.html","316","BadChar:Smart-quote mojibake","ABOVE AND BELOW â€” opening essay"
"above-and-below-issue-001.html","321","BadChar:Smart-quote mojibake","<div class=""a-sub"">Opening Essay â€” Issue One</div>"
"above-and-below-issue-001.html","326","BadChar:Smart-quote mojibake","<p>Those places are mostly gone now. Consolidated, defunded, closed. The buildings sometimes remain â€” repurposed as co…"
"above-and-below-issue-001.html","335","BadChar:Smart-quote mojibake","<p class=""break"">â€”â€”â€”</p>"
"above-and-below-issue-001.html","339","BadChar:Smart-quote mojibake","<p>It is roughly four feet long and bolted to the deck of a submarine. The tablecloth is white linen, dampened with seaw…"
"above-and-below-issue-001.html","345","BadChar:Smart-quote mojibake","<p class=""break"">â€”â€”â€”</p>"
"above-and-below-issue-001.html","347","BadChar:Smart-quote mojibake","<p>This publication is called Above and Below because that is where this community lives â€” on the surface and beneath …"
"above-and-below-issue-001.html","364","BadChar:Smart-quote mojibake","<div class=""a-sub"">A Composite Portrait â€” Issue One</div>"
"above-and-below-issue-001.html","373","BadChar:Smart-quote mojibake","<p>""First day, I didn't understand anything."" He's not being humble. He means it. ""They put me on a crew doing fit-up wo…"
"above-and-below-issue-001.html","375","BadChar:UTF8-as-Latin1","<p>What he does is join metal. The simple version. The complicated version involves tolerances measured in thousandths o…"
"above-and-below-issue-001.html","379","BadChar:Smart-quote mojibake","<p>He works in Building 260 â€” one of the massive structures along the Groton waterfront visible from the Gold Star Bri…"
"above-and-below-issue-001.html","383","BadChar:Smart-quote mojibake","<div class=""pull"">He has never been on a submarine at sea. He has been aboard many of them in the yard â€” in spaces mos…"
"above-and-below-issue-001.html","387","BadChar:Smart-quote mojibake","<p>""Sometimes I watch one go down the river. And I know which sections I worked on. I know where my welds are. And I thi…"
"above-and-below-issue-001.html","391","BadChar:Smart-quote mojibake","<p>It is. And inside, he'd find himself sitting next to a doctor and an attorney and a retired Navy captain â€” all on a…"
"above-and-below-issue-001.html","394","BadChar:Smart-quote mojibake","<p style=""margin-top:36px;font-family:var(--sans);font-size:12px;color:var(--ink-l);line-height:1.7;max-width:var(--max)…"
"above-and-below-issue-001.html","410","BadChar:Smart-quote mojibake","<p>On a submarine, you dream about fresh food the way you dream about sunlight â€” not constantly, but in sudden, aching…"
"above-and-below-issue-001.html","412","BadChar:Smart-quote mojibake","<p>This menu is for the moment after. The first real dinner ashore. It starts where the submarine galley â€” which does …"
"above-and-below-issue-001.html","419","BadChar:UTF8-as-Latin1","<div class=""menu-wine"">Muscadet SÃ¨vre et Maine. Bone-dry, built for oysters.</div>"
"above-and-below-issue-001.html","425","BadChar:Smart-quote mojibake","<div class=""menu-desc"">Littleneck clams, salt pork, Yukon Gold potatoes, heavy cream. Built on clam liquor, not flour. A…"
"above-and-below-issue-001.html","426","BadChar:UTF8-as-Latin1","<div class=""menu-wine"">AlbariÃ±o, RÃ­as Baixas. Bright acidity to cut the cream.</div>"
"above-and-below-issue-001.html","439","BadChar:UTF8-as-Latin1","<div class=""menu-wine"">Pauillac, ChÃ¢teau Lynch-Bages 2016. Or: Stag's Leap Artemis, Napa Valley.</div>"
"above-and-below-issue-001.html","445","BadChar:UTF8-as-Latin1","<div class=""menu-desc"">Jasper Hill Harbison. Cabot Clothbound Cheddar aged at Jasper Hill. A local chÃ¨vre. Honeycomb, f…"
"above-and-below-issue-001.html","451","BadChar:UTF8-as-Latin1","<div class=""menu-name"">Warm Apple Brown Betty with Vanilla CrÃ¨me Anglaise</div>"
"above-and-below-issue-001.html","452","BadChar:Smart-quote mojibake","<div class=""menu-desc"">Not a cobbler, not a crisp. A Brown Betty: layers of buttered breadcrumbs and spiced apples, bake…"
"above-and-below-issue-001.html","457","BadChar:Smart-quote mojibake","<p style=""font-size:15px"">A good whiskey after dessert is appropriate. Something with smoke and a little sweetness â€” a…"
"above-and-below-issue-001.html","478","BadChar:Smart-quote mojibake","<p class=""drop"">The Thames is not a wide river. Standing on the New London side, you can see Groton clearly â€” the cran…"
"above-and-below-issue-001.html","480","BadChar:Smart-quote mojibake","<p>The submarine base was established in 1916. Electric Boat's lineage stretches to the commissioning of USS Holland in …"
"above-and-below-issue-001.html","487","BadChar:Smart-quote mojibake","<div style=""margin:40px 0""><img alt=""Thames River at dawn, winter â€” view toward Groton"" src=""images/thames-river-drone…"
"above-and-below-issue-001.html","501","BadChar:Smart-quote mojibake","<p class=""drop"">The club was founded in 1869. New London was then a whaling port in its final years, a city built on the…"
"above-and-below-issue-001.html","505","BadChar:Smart-quote mojibake","<p>By 1900, the USS Holland had been commissioned. By 1916, the submarine base was established on the Groton side. By th…"
"above-and-below-issue-001.html","507","BadChar:Smart-quote mojibake","<p>The work ahead is archival. Future issues will document the early membership rolls, photographs from the pre-World Wa…"
"above-and-below-issue-001.html","512","BadChar:Smart-quote mojibake","<p style=""margin-top:32px;font-family:var(--sans);font-size:12px;color:var(--ink-l);line-height:1.7;max-width:var(--max)…"
"above-and-below-issue-001.html","529","BadChar:Smart-quote mojibake","<div class=""nb-body"">General Dynamics Electric Boat continues its multi-year hiring campaign supporting Columbia-class a…"
"above-and-below-issue-001.html","549","BadChar:Smart-quote mojibake","<div class=""nb-body"">This first issue leans toward the submarine community because the Above &amp; Below initiative is n…"
"above-and-below-issue-001.html","552","BadChar:Smart-quote mojibake","<p style=""margin-top:28px;font-family:var(--sans);font-size:12px;color:var(--ink-l);line-height:1.7;max-width:var(--max)…"
"above-and-below-issue-001.html","586","BadChar:Smart-quote mojibake","Lunch: Tuesâ€“Thurs, 12â€“2 pm<br>"
"above-and-below-issue-001.html","587","BadChar:Smart-quote mojibake","Pub: Wedâ€“Sat, 5â€“9 pm<br>"
"above-and-below-issue-2.html","353","Placeholder","/* Ã¢â€â‚¬Ã¢â€â‚¬ PHOTO PLACEHOLDER Ã¢â€â‚¬Ã¢â€â‚¬ */"
"above-below-replaced2.html","295","Placeholder","<img alt=""The Thames Club"" class=""hdraw"" src=""data:image/jpeg;base64,/9j/4AAQSkZJRgABAQAAAQABAAD/2wBDAAcFBQYFBAcGBgYIBwcICxILCwoKCxYPEA0SGhY…"
"above-below-replaced2.html","335","Placeholder","<img alt=""Thames Club dining room"" src=""data:image/png;base64,iVBORw0KGgoAAAANSUhEUgAAAb4AAAD5CAIAAADXxcfeAAAAA3NCSVQICAjb4U/gAAAAknpUWHRSYX…"
"above-below-replaced2.html","371","Placeholder","<img alt=""Those Who Serve Above and Below the Surface â€â€ Thames Club"" src=""data:image/jpeg;base64,/9j/4AAQSkZJRgABAQAAAQABAAD/2wBDAAcFBQ…"
"dining.html","5","Placeholder","<title>Dining â€â€ Coming Soon</title>"
"gallery.html","118","Placeholder","/* PHOTO PLACEHOLDER (remove when real photos added) */"
"pierson-gallery.html","5","Placeholder","<title>Pierson Gallery â€â€ Coming Soon</title>"
"pierson-gallery.html","101","Placeholder","<p>Coming Soon</p>"
"submarineland.html","660","Placeholder","<div class=""qr-box"">QR code goes here after deployment:<br>https://thamesclub1869.com/submarineland.html</div>"
"above-and-below-issue-2.html","353","Placeholder","/* â”€â”€ PHOTO PLACEHOLDER â”€â”€ */"
"dining.html","5","Placeholder","<title>Dining — Coming Soon</title>"
"pierson-gallery.html","5","Placeholder","<title>Pierson Gallery — Coming Soon</title>"
"pierson-gallery.html","40","Placeholder","<p>Coming Soon</p>"
"issue1.html","204","MissingFile","images/sp-cover.jpg"
"issue1.html","222","MissingFile","images/sp-work.jpg"
"issue1.html","245","MissingFile","images/sp-driveway-before.jpg"
"issue1.html","246","MissingFile","images/sp-driveway-after.jpg"
"issue1.html","271","MissingFile","images/sp-surface-wood.jpg"
"issue1.html","272","MissingFile","images/sp-surface-concrete.jpg"
"issue1.html","273","MissingFile","images/sp-surface-brick.jpg"
"issue1.html","274","MissingFile","images/sp-surface-siding.jpg"
"issue1.html","295","MissingFile","images/sp-equipment.jpg"
"issue1.html","316","MissingFile","images/sp-chemistry.jpg"
"issue1.html","328","MissingFile","images/sp-ba-before1.jpg"
"issue1.html","329","MissingFile","images/sp-ba-after1.jpg"
"issue1.html","333","MissingFile","images/sp-ba-before2.jpg"
"issue1.html","334","MissingFile","images/sp-ba-after2.jpg"
"submarineland.html","515","MissingFile","home-in-the-city.html"
"submarineland.html","669","MissingFile","home-in-the-city.html"
"above-and-below-issue-001.html","584","MissingFile","/cdn-cgi/l/email-protection"
"above-and-below-issue-001.html","461","MissingFile","images/oyster-platter-final.jpg"
"above-and-below-issue-001.html","487","MissingFile","images/thames-river-drone.jpg"
"above-and-below-issue-001.html","514","MissingFile","images/club-ledger-final.jpg"
"above-and-below-issue-001.html","585","MissingFile","/cdn-cgi/l/email-protection"
"reciprocal-clubs.html","390","ExtLink","https://accolumbus.com/ — The remote server returned an error: (403) Forbidden."
"reciprocal-clubs.html","368","ExtLink","https://www.capitalclubms.com/ — The remote server returned an error: (403) Forbidden."
"events.html","9","ExtLink","https://fonts.gstatic.com — The remote server returned an error: (404) Not Found."
"submarineland.html","11","ExtLink","https://fonts.gstatic.com — The remote server returned an error: (404) Not Found."
"events.html","9","ExtLink","https://fonts.gstatic.com — The remote server returned an error: (404) Not Found."
"reciprocal-clubs.html","357","ExtLink","https://www.worcclub.org/ — The remote server returned an error: (403) Forbidden."
"reciprocal-clubs.html","339","ExtLink","https://columbia-club.org/ — The remote server returned an error: (403) Forbidden."
"bowling.html","8","ExtLink","https://fonts.googleapis.com/ — The remote server returned an error: (404) Not Found."
"event-planners.html","8","ExtLink","https://fonts.googleapis.com/ — The remote server returned an error: (404) Not Found."
"event-rooms.html","8","ExtLink","https://fonts.googleapis.com/ — The remote server returned an error: (404) Not Found."
"gallery.html","8","ExtLink","https://fonts.googleapis.com/ — The remote server returned an error: (404) Not Found."
"publications.html","6","ExtLink","https://fonts.googleapis.com/ — The remote server returned an error: (404) Not Found."
"restoration.html","8","ExtLink","https://fonts.googleapis.com/ — The remote server returned an error: (404) Not Found."
"event-planners.html","8","ExtLink","https://fonts.googleapis.com/ — The remote server returned an error: (404) Not Found."
"above-and-below-issue-001.html","8","ExtLink","https://fonts.googleapis.com — The remote server returned an error: (404) Not Found."
"above-below-replaced2.html","9","ExtLink","https://fonts.googleapis.com — The remote server returned an error: (404) Not Found."
"above-below.html","9","ExtLink","https://fonts.googleapis.com — The remote server returned an error: (404) Not Found."
"events.html","8","ExtLink","https://fonts.googleapis.com — The remote server returned an error: (404) Not Found."
"history-new.html","10","ExtLink","https://fonts.googleapis.com — The remote server returned an error: (404) Not Found."
"history.html","11","ExtLink","https://fonts.googleapis.com — The remote server returned an error: (404) Not Found."
"index.html","9","ExtLink","https://fonts.googleapis.com — The remote server returned an error: (404) Not Found."
"issue1.html","7","ExtLink","https://fonts.googleapis.com — The remote server returned an error: (404) Not Found."
"membership.html","9","ExtLink","https://fonts.googleapis.com — The remote server returned an error: (404) Not Found."
"reciprocal-clubs.html","9","ExtLink","https://fonts.googleapis.com — The remote server returned an error: (404) Not Found."
"room.html","9","ExtLink","https://fonts.googleapis.com — The remote server returned an error: (404) Not Found."
"submarineland.html","10","ExtLink","https://fonts.googleapis.com — The remote server returned an error: (404) Not Found."
"visit.html","9","ExtLink","https://fonts.googleapis.com — The remote server returned an error: (404) Not Found."
"above-and-below-issue-001.html","8","ExtLink","https://fonts.googleapis.com — The remote server returned an error: (404) Not Found."
"events.html","8","ExtLink","https://fonts.googleapis.com — The remote server returned an error: (404) Not Found."
"membership.html","9","ExtLink","https://fonts.googleapis.com — The remote server returned an error: (404) Not Found."
"above-and-below-issue-001.html","9","ExtLink","https://fonts.googleapis.com — The remote server returned an error: (404) Not Found."
"reciprocal-clubs.html","354","ExtLink","https://www.harvardclub.com/ — The remote server returned an error: (403) Forbidden."
"reciprocal-clubs.html","467","ExtLink","https://www.mercantileathletic.club/ — The remote name could not be resolved: 'www.mercantileathlet…"
